"Year","Commodity","Argentina","Australia","Austria","Barbados","Belgium","Bolivia","Bosnia and Herzegovina","Brazil","Bulgaria","Canada","Chile","China","Colombia","Costa Rica","Cote d'Ivoire","Croatia","Denmark","Dominican Republic","Ecuador","Egypt","El Salvador","Estonia","Fiji","Finland","France","Germany","Ghana","Greece","Guatemala","Haiti","Honduras","Hong Kong","Hungary","India","Indonesia","Ireland","Israel","Italy","Jamaica","Japan","Jordan","Kenya","Korea, South","Lebanon","Macedonia","Malaysia","Mexico","Montenegro","Netherlands","New Zealand","Nicaragua","Nigeria","Norway","Panama","Papua New Guinea","Peru","Philippines","Poland","Portugal","Russia","Saudi Arabia","Serbia","Singapore","South Africa","Spain","Sri Lanka","Sweden","Switzerland","Taiwan","Tanzania","Thailand","Trinidad and Tobago","Turkey","Uganda","Ukraine","United Kingdom","Venezuela","Vietnam"
1996,"Coffee",0,0,0,0,199987,0,0,57945037,0,10231136,0,6280,110917781,6021438,0,0,0,5721765,12521680,0,7100435,0,0,0,2865350,11406517,0,0,65432388,0,10343846,0,0,4832454,24238726,0,42945,2912274,172860,103684,0,0,54462,0,0,27005,125369546,0,5842623,0,844355,0,0,3485203,0,5623283,39930,51175,0,0,0,0,610721,0,37438,0,0,864637,0,0,5016290,45378,3967,0,0,276199,8346023,0
1997,"Coffee",0,0,0,0,250170,0,0,59584922,0,12433451,0,59717,110064656,13290910,0,0,0,9212933,7758258,0,17144290,0,0,0,8570350,16254959,0,0,88882030,0,7824680,0,0,907351,20221830,0,207191,2403106,403848,25133,0,0,79033,0,0,23506,139407972,0,5560183,0,1763546,0,0,3183005,0,2305432,14720,74104,0,0,0,0,352879,1658185,1502298,0,0,1193174,0,0,351286,13464,0,0,0,79195,3247135,29594102
1998,"Coffee",5861,0,0,0,85146,0,0,73785068,0,19764547,0,11118,155349214,24941972,0,0,0,7622959,9163846,0,11637290,0,4236,0,5562920,13988435,0,415696,73987021,64108,15205668,0,0,929017,23855525,0,219586,2350114,278939,25701,0,0,33970,0,0,20453,102054074,0,6154738,0,2829412,0,0,7802792,3097082,4352739,0,21202,0,0,0,0,463509,0,91009,0,0,192827,532712,0,346020,0,15959,0,0,936814,10089587,0
1999,"Coffee",0,0,0,0,23144,0,0,86642279,0,22638037,0,114658,108130574,14935543,0,0,130724,2596818,10677241,22948,9276178,0,0,0,2845632,13262964,0,0,61132120,0,9566996,0,0,772680,16176876,0,264718,3593302,522471,9651,0,0,21645,0,0,0,85277286,0,6526396,0,3689685,0,0,6287846,0,7496955,0,0,0,0,0,0,19481,219690,12284,0,0,783502,13051,0,441684,10250,6661,0,0,1028122,16799265,0
2000,"Coffee",7370,0,0,0,111986,0,0,60494934,0,22625247,0,13668,96447595,12181358,0,20012,0,2024352,3988473,22548,13950236,0,0,0,4964790,11025371,0,187567,48166044,0,8393452,3364,0,1201917,12523871,0,504138,3188233,384192,28906,0,0,34350,113296,0,26937,71118815,0,6047989,0,6413658,0,0,5078399,1722937,8117132,5534,0,0,0,0,0,76533,0,8451,0,0,1762053,4391,0,3833216,9699,0,0,0,1143865,3506892,0
2001,"Coffee",0,51272,0,0,115446,0,0,38228246,0,20536219,20251,0,74522042,9412107,0,62556,0,167822,1161350,17280,8444723,0,0,0,3278023,7712541,0,19041,23340833,0,4104590,0,0,611884,10971383,11847,727203,2878748,667446,27769,0,0,64309,0,0,27061,35814144,0,6117253,0,2916305,0,0,1726058,0,10183180,0,0,0,0,0,0,89871,35540,49033,0,0,2988952,3760,0,1478472,0,23207,0,0,1413340,0,0
2002,"Coffee",32963,0,0,0,129663,0,0,52087311,0,22100494,54259,47634,71396953,12894236,0,53914,0,548706,2399761,47208,2348504,0,0,7604,1173584,7026613,0,0,21704703,7503,1761802,0,0,396581,13176860,34518,74303,3742481,467510,37866,0,0,150462,0,0,99164,25402528,0,6319119,0,4016171,0,0,1382399,0,11278933,4480,81373,127588,3495,0,0,132782,0,20916,10767,0,2285766,37788,0,226872,12266,8838,0,0,676363,1781719,15210806
2003,"Coffee",2350,56098,0,0,409355,728178,0,68995109,0,18937231,50527,0,83183478,9102299,0,30832,0,521440,1607670,41455,6988402,0,0,0,1927703,10989605,0,192080,22529278,0,2120145,12705,0,810459,21490649,27792,229861,5022556,504291,23221,0,0,139924,0,0,84452,17489635,0,7518720,0,4677060,0,0,1411618,0,12838743,0,0,0,2658,0,0,173448,71117,30311,0,0,4865018,0,0,1575152,11554,0,0,0,1107764,0,0
2004,"Coffee",0,122989,0,5140,1255841,0,0,83166845,0,20820308,156058,121944,88790550,12746224,0,58927,32472,31279,2311514,37033,2780429,0,0,0,872343,14827194,0,2695,21317501,7598,3689570,0,0,702255,22784535,43223,472733,5384319,311778,188824,0,1154440,230776,18834,0,102337,21050127,0,7686974,0,3851550,0,0,1248861,0,21079317,20550,124734,0,0,0,0,163465,15457,152906,0,5410050,5927176,2517,0,713291,0,16619,0,0,1265725,0,0
2005,"Coffee",0,4999,0,0,1622585,0,0,101835949,0,22000923,0,21689,134252548,10620759,0,129620,0,78118,2283209,26880,5258361,0,0,0,677290,24316767,0,380954,26908026,0,5313148,5783,0,1130439,23958647,0,117363,6960360,228464,47123,0,0,437814,0,0,296436,24062579,54350,2690070,0,7005935,6647,0,1296492,0,20525099,9002,168924,29050,0,7581,0,116460,103195,0,0,0,5339693,25649,0,1926524,0,0,0,0,1469859,3544,0
2006,"Coffee",91805,30751,94308,0,1084301,0,0,111792291,0,21904132,2267,58800,128958032,8185227,0,81973,0,20700,5000278,73260,7633893,0,0,0,382992,29497036,0,0,24946305,0,5972791,12524,0,1031961,33547539,5631,248539,7157327,272591,106582,0,0,457320,0,34234,2139375,24343041,0,2132345,0,6288612,0,0,1028859,0,23576725,0,190346,61023,0,0,0,43178,450026,205224,0,0,5455503,25298,0,2929461,0,0,0,0,1185222,6022,0
2007,"Coffee",0,0,0,0,2159633,1018822,183633,139767835,0,21629792,71825,420861,153173758,9909008,2980702,0,0,57441,3621961,0,11226087,0,0,0,449741,26093414,0,421311,18809192,0,4673856,2719,0,807469,37337489,0,730136,9415578,307063,662563,0,0,601039,0,8487,4620276,31803250,0,1788575,0,10040806,0,0,1680619,0,26889403,2427,131372,40542,5029,40059,0,93337,26455,281119,0,0,5622466,19901,0,594079,8929,0,0,28635,700086,1300642,0
2008,"Coffee",9369,0,0,0,1348289,1776064,0,165747458,0,22170709,77346,24799,160462264,16453444,0,0,0,113995,805711,49561,13263669,0,0,0,1049368,30502578,0,347415,24923536,8940,5509626,0,0,1582652,53743278,0,635665,8092053,315027,1227172,0,4014664,774039,0,0,4363327,42835441,0,890330,0,15362448,0,0,1394429,0,35280657,0,155285,42968,22441,0,0,207196,74965,977892,0,0,6323702,22448,0,117666,0,0,0,0,670239,7296630,51313554
2009,"Coffee",0,0,4719,0,1012279,1840229,0,160114482,0,29708904,12525,22328,160374031,12542158,0,36150,0,163911,1246728,40176,8472615,0,0,0,907205,23621264,0,455689,25391052,6081,5128434,0,0,2027977,34778585,0,690460,8185113,887656,1802734,35126,0,980554,0,20247,4408525,39021271,0,636969,0,9043017,0,8737,685452,0,42751721,4491,271878,216390,6681,0,22308,155269,158754,1330219,10020,0,6088096,82771,0,221141,7990,30487,0,0,1014919,34205,60293531
2010,"Coffee",0,11667,75447,0,1721160,0,0,230095752,0,47742306,0,228821,204766943,20815368,0,19689,0,342907,2769083,49724,11708062,0,0,5181,662780,24750874,0,0,28735539,48000,9615704,0,0,2767952,35357108,0,316586,7773555,255261,1636810,59635,0,984637,311961,0,4382519,40656282,0,559444,5650,14628290,95514,0,567447,6072678,48946067,13447,194732,0,8046,8200,0,28936,17756,2337558,0,6942661,5698776,38014,0,407652,6552,42320,3444772,0,932351,0,76338051
2011,"Coffee",0,12236,78113,0,192236,1311411,0,397944381,9114,66464861,86768,665168,348419503,23691667,0,0,0,328758,3086612,104771,20781394,0,0,5498,867467,31705052,0,0,43909823,17087,21599349,3995,0,4425896,60293250,0,562157,11902431,85874,1240860,116434,0,508840,446204,0,8690744,60548199,0,807319,0,18216300,0,0,820349,16199694,85850258,22264,344102,579802,46200,0,0,89929,0,1026242,16639,6002047,15484679,62737,0,151726,0,123212,0,0,468047,4938,91631822
2012,"Coffee",5824,11484,0,0,1183226,1588620,0,411277696,2855,73872316,3862,1947282,223007633,26965204,0,25120,20028,4684031,3876748,309246,15892380,0,0,0,5524480,29576055,0,0,47094525,6076,12605973,0,0,3327359,66068057,0,900469,13046239,708971,1311007,5880,0,981239,475727,0,9296535,73062327,0,3910894,0,11933200,0,53261,527044,0,81157861,52139,460177,239996,5294,10965,116231,379896,218362,579369,0,4295472,16577035,110237,0,315076,0,146226,3235328,0,1297438,0,102525245
2013,"Coffee",0,29061,14460,0,761437,1664105,0,231044947,87747,72228810,0,1742858,199684709,21040657,0,54381,33555,1580917,2026740,171800,6428036,0,0,3542,1588040,26315953,0,0,31692165,4685,14078103,29979,0,8870291,52765696,0,1062907,11635522,360507,514158,4596,0,1170156,91255,0,7680282,58753630,0,4022418,3670,7124130,0,0,394696,11183241,41104913,53224,76380,285922,29225,0,0,290699,431692,1465867,0,0,8726302,115269,4111537,327201,2622,140308,0,0,811483,514550,96259359
2014,"Coffee",3438,131053,8096,0,871981,0,0,235401612,5607,67386035,0,0,215751860,13583650,0,0,86402,212103,3547801,155146,2325099,0,0,0,498924,28892999,0,236761,27187141,63984,14063445,5672,0,6847610,44320171,44972,884292,14338707,420868,60514,134770,0,1148356,342974,0,8666290,52467332,0,2958562,7624,4408436,0,21148,559177,13367009,44089009,120915,553333,221865,11804,20796,174231,231609,0,1172717,0,463800,10121801,110056,3451970,236090,0,202235,0,0,867770,0,74419010
2015,"Coffee",4154,71726,45866,0,844320,1188226,0,240571287,3999,68350134,0,913224,249854221,9644818,0,0,373299,282651,6019080,87691,5465688,7110,0,0,1153905,26619730,2665,584141,27551030,132730,18496338,2809,0,3525953,51968010,0,622102,16558366,787918,99696,270340,0,1218692,147133,0,4302312,44018208,0,2999255,130087,10911415,0,0,886868,7378803,39189127,164973,473191,412205,29323,0,0,15185,548647,2721359,0,17797,24290649,109546,5823342,174142,0,182882,0,4764,447467,0,57966474
2016,"Coffee",0,66689,71572,0,625457,827290,0,220382741,53481,78567485,93540,2498475,275647842,7590077,0,0,240751,198924,2785761,33245,3221988,0,0,0,1184597,18769104,0,187084,20038454,21813,22414868,11093,24191,5834046,57057253,0,1249790,15231483,141597,164066,269440,0,1431951,263552,0,1423314,29625095,0,2864584,28340,13587997,0,0,322277,13790547,51514274,74564,467721,286386,36419,0,0,2641,0,400390,0,17742,24250732,206813,5393119,210062,0,0,0,0,481814,0,70431398
1996,"Tea",0,0,0,0,2265,0,0,723442,0,3708757,0,5439880,0,0,0,0,0,0,90859,0,7477,0,0,0,20417,2987056,0,0,0,0,0,0,0,2500074,2645946,0,4714,16471,10056,368048,0,0,48118,0,0,0,77415,0,143211,0,0,0,0,0,0,0,0,39444,0,0,0,0,58818,0,0,0,0,0,0,0,70790,0,17781,0,0,445929,0,0
1997,"Tea",0,0,0,0,0,0,0,462006,0,3439168,0,6448452,0,0,0,0,0,0,157352,0,0,0,0,0,55060,2759317,0,0,0,0,0,0,0,4191178,2790847,0,66096,24556,7711,412474,0,0,144339,0,0,6045,22337,0,180617,0,0,0,0,0,0,22852,0,34606,0,0,0,0,22924,78414,0,0,0,0,0,0,54045,0,0,0,0,834837,0,228151
1998,"Tea",5516401,0,0,0,0,0,0,404155,0,2252790,0,6321640,0,62100,0,0,0,0,71657,0,0,0,0,0,93084,1952680,0,0,0,0,0,0,0,3382896,2650888,0,0,9615,5769,561024,0,0,290060,0,0,0,47631,0,285168,0,0,0,0,0,74352,0,0,80141,0,0,0,0,23449,0,16566,0,0,104317,540548,0,33020,0,75356,0,0,1078392,0,0
1999,"Tea",0,0,0,0,0,0,0,718930,0,4519835,0,4996945,0,0,0,0,0,0,51672,26028,0,0,0,0,72007,2690674,0,0,0,0,0,0,0,3617237,2277984,0,159052,0,0,524971,0,0,76227,0,0,0,758170,0,190955,0,0,0,0,0,0,0,0,0,0,0,0,0,287263,121208,0,0,0,0,829604,0,64942,0,144156,0,0,1076515,0,0
2000,"Tea",3427109,0,0,0,37736,0,0,629444,0,5890077,0,4393125,0,8121,0,8991,0,0,96315,0,0,0,0,0,88460,2308808,0,3206,0,0,0,91160,0,4163175,1264381,0,136457,3980,0,620899,0,0,130116,3876,0,0,556288,0,135930,0,0,0,0,0,61331,0,0,0,0,0,0,0,319502,0,0,0,0,3950,843394,0,80698,0,0,0,0,897253,0,0
2001,"Tea",0,12696,0,0,0,0,0,495458,0,8713242,304217,0,0,0,0,17117,0,0,122406,0,0,0,0,0,36723,3244525,0,0,0,0,0,0,0,4353272,1209143,156037,171741,41273,20586,621600,0,0,211557,0,0,0,1454839,0,148686,0,0,0,0,0,0,0,0,0,0,0,0,0,385344,144807,13479,0,0,25459,590355,0,34505,0,177330,0,0,1450884,0,0
2002,"Tea",4648624,0,0,0,0,0,0,373779,0,9666083,621801,4715395,0,5754,0,0,0,0,92671,0,0,0,0,0,407249,3111221,0,0,0,0,0,0,0,3703531,1118115,117353,159632,0,45948,702431,0,0,172869,0,0,0,619652,0,197699,0,0,0,0,0,0,0,0,13190,0,4593,0,0,388118,0,24256,2728276,0,0,892064,0,84256,0,280568,0,0,1319813,2341,362259
2003,"Tea",3596158,110044,0,0,0,0,0,257040,0,9777493,1096301,0,14231,0,0,0,0,0,46474,0,0,0,0,0,463762,3342604,0,4023,0,0,0,208537,0,4469975,1144062,134204,276829,0,38925,861187,0,0,137118,0,0,8317,2877970,0,145797,0,0,0,0,0,0,2450,0,0,0,3695,0,0,481919,111182,7684,0,0,0,0,0,130563,0,0,0,0,2007307,0,0
2004,"Tea",0,131778,0,0,4912,0,0,584776,0,12245757,1214777,8273982,84939,0,0,0,4532,0,66771,0,0,0,0,0,147498,2247527,0,0,0,9348,0,0,0,5505225,1111205,275887,593968,7714,14805,651260,0,842666,96331,0,0,10704,3187286,0,452707,0,0,0,0,0,0,3394,0,82910,0,0,0,0,267961,347598,99593,0,0,0,837711,0,83560,0,184147,0,0,1649535,0,0
2005,"Tea",0,22672,0,0,5724,0,0,675377,0,9938929,0,8436670,0,0,0,5053,0,0,107201,16817,0,0,0,0,156707,2625754,0,2262,0,0,0,80872,0,6433084,920284,0,616695,262929,38223,1780125,0,0,228355,0,0,35347,2960282,0,633290,0,0,0,0,0,0,0,0,108580,10286,0,0,0,274677,232216,0,0,0,0,876608,0,127010,0,0,0,0,2912002,0,0
2006,"Tea",5680708,0,41620,0,341579,0,0,647096,0,10407593,398121,9837921,9252,0,0,0,0,12399,161667,0,0,0,0,0,138908,4419701,0,0,0,0,0,267908,0,7859724,1247511,260705,121004,74258,0,2456181,0,0,210284,0,0,24609,1334268,0,460926,0,0,0,0,0,0,22045,0,162186,0,0,0,0,633066,271309,0,0,0,0,922394,0,171792,0,0,0,0,3787583,0,0
2007,"Tea",0,0,0,0,68360,5878,0,1279212,0,9273606,627757,12532687,0,19024,0,0,0,0,124680,0,0,0,0,0,169514,4643732,0,4318,0,0,0,105515,0,6994842,1664596,0,332460,41480,18198,3400076,0,0,273763,0,0,85222,2189295,0,408215,0,0,0,0,0,0,2651,0,55892,8370,3868,0,0,218947,107324,0,0,0,0,779505,0,204157,0,0,0,0,3487502,0,0
2008,"Tea",6356924,0,0,0,43352,3214,0,890395,0,12440923,861618,13933524,0,868725,0,0,0,0,95417,66550,0,0,0,0,293420,7015118,0,11961,0,0,0,0,0,9839564,1724022,0,4685,27762,12729,2342725,0,2159762,333640,0,0,135555,755134,0,117735,0,0,0,0,0,0,0,0,129726,0,16768,0,0,168419,156311,0,0,0,0,1076383,0,207214,0,0,0,0,3347241,0,777642
2009,"Tea",0,0,9123,0,29256,0,0,1433158,0,12095824,1617793,13740440,0,265054,0,0,0,0,54006,10096,0,0,0,0,79015,3268546,0,19344,18652,0,0,0,0,8770368,1799672,0,32569,602453,53426,4137272,0,0,280755,0,0,53336,1276505,0,528514,0,0,0,0,0,0,3224,0,48183,0,20179,0,0,158359,125899,0,2504988,0,0,832841,0,260163,0,111027,0,0,3555297,0,1050732
2010,"Tea",0,63389,0,0,22594,0,0,655374,0,15267140,0,14614481,55524,18992,0,3123,0,0,162158,10388,0,0,0,0,244843,5323766,0,0,37104,0,0,0,0,9547335,2138016,0,620477,171351,20547,3752074,0,0,286549,0,0,35753,664253,0,478199,0,0,0,0,0,262054,0,18156,132981,0,34605,0,0,40187,77320,7149,0,0,0,842627,0,588831,0,132147,0,0,2666365,0,1021543
2011,"Tea",0,0,0,0,43653,0,0,1095132,2665,14760017,1005173,21893613,0,0,0,0,0,0,117469,16026,0,0,0,0,242440,3847890,0,0,0,0,0,162241,0,11469393,1472459,0,26889,557301,58070,6630896,0,0,465706,0,0,261162,1089363,0,257655,0,0,0,0,7637,296602,2409,63725,387175,11774,24019,0,0,70246,0,28919,3323650,3148,0,1443819,0,433256,0,259520,0,0,2858070,0,1205758
2012,"Tea",9446519,7657,0,0,72902,0,0,1673706,2563,13987991,2134284,23386109,22255,18303,0,0,56369,0,318743,8780,0,0,0,0,442548,7236020,0,0,43543,0,0,0,0,9733811,1652404,0,148346,355691,71121,4886391,0,0,362951,0,0,107041,1157080,0,219987,0,0,0,0,0,0,0,6095,477593,0,17908,23750,0,528248,70604,87954,0,0,0,1245986,0,504966,0,213426,0,0,1691456,0,1785843
2013,"Tea",0,0,33879,0,62626,8066,0,1696358,0,12933213,0,25944508,8221,0,0,0,95378,0,409983,26419,0,0,0,0,410269,6112913,0,0,35886,0,0,114474,0,11780856,914728,0,378282,354365,83909,5612185,2960,0,462841,0,0,76841,223987,0,78301,0,0,0,0,0,102656,7712,102228,630394,10544,29259,0,0,29785,90564,43753,0,0,4901,1176135,0,1084337,0,255835,0,0,1591072,0,2162540
2014,"Tea",12586823,6038,0,0,97061,0,0,1205518,0,10023711,0,0,11052,0,0,0,73565,0,365167,79645,10871,0,0,0,267376,4694399,0,6237,32912,0,0,136973,0,13786298,2120459,537429,603797,286441,175996,5321379,6901,0,404152,2264,0,60558,622022,0,1323379,39064,0,0,0,0,52176,0,0,731571,0,57529,0,0,47407,0,108331,0,0,5814,1587842,71748,745618,0,421278,0,0,1897445,0,2683195
2015,"Tea",12780898,0,0,0,64441,0,0,783980,4443,8725448,0,23054781,0,0,0,0,69280,0,253002,85439,0,54608,0,0,278387,5592511,0,8319,30219,0,0,64287,0,11676997,1137341,0,253058,1022331,172650,5934235,5156,0,381107,0,0,83799,654430,0,562213,39064,0,0,0,0,117918,0,61852,894974,2615,36650,0,0,34490,67175,68056,0,0,41421,1395242,0,591246,0,94719,0,22106,2584006,0,1979291
2016,"Tea",0,26564,0,0,20501,0,0,1053066,0,9595939,2107949,23449107,0,0,0,0,69032,0,368154,12826,0,0,0,0,258912,4977979,0,19429,20240,0,0,258498,0,14788056,1800717,0,424951,295195,40469,7065118,5053,0,282662,0,0,63594,573539,0,0,0,0,0,0,6343,128012,0,81434,920635,5001,89740,0,0,39029,0,77094,0,0,7669,1823792,0,778508,0,0,0,0,2763954,0,1366148
1996,"Spices",0,0,0,0,1533,0,0,1617735,0,612353,0,3167010,106638,2023352,0,0,0,21997,106849,0,5952,0,0,0,165395,598418,0,0,514806,0,216808,0,0,9092877,19016327,0,1569108,119976,228915,162081,0,0,193659,0,0,449482,3232229,0,325848,0,192814,0,0,0,0,0,35156,0,0,0,0,0,207959,0,3480160,0,0,2453,0,0,420291,142876,3712922,0,0,231381,0,0
1997,"Spices",0,0,0,0,14139,0,0,2849149,0,866333,0,2761389,50883,979351,0,0,0,12603,40077,0,11551,0,0,0,286479,875552,0,0,450560,0,420101,0,0,12164911,20072835,0,1861351,154855,148544,172202,0,0,377020,0,0,2331940,3796155,0,181009,0,63216,0,0,0,0,45364,17069,0,0,0,0,0,812081,32161,2764357,0,0,94156,0,0,644215,163716,0,0,0,196311,0,347408
1998,"Spices",0,0,0,0,0,0,0,3687698,0,901973,0,3257006,63203,1034497,0,0,0,6606,22253,0,0,0,127051,0,323193,610118,0,148430,417792,0,119039,0,0,10459989,25987643,0,1496901,175221,490655,146238,0,0,99432,0,0,856702,4460040,0,410340,0,0,0,0,0,0,9774,0,3642,0,0,0,0,1079186,0,3654611,0,0,19533,62740,0,650434,0,3802492,0,0,168273,0,0
1999,"Spices",0,0,0,0,0,0,0,8696784,0,1022818,0,5709939,141085,1058530,0,0,3546,5939,41740,679875,0,0,0,0,364093,323519,0,0,852943,0,88031,0,0,14595081,20429495,0,1286435,158277,424604,151407,0,0,86242,0,0,0,5405872,0,232775,0,0,0,0,0,0,62339,0,0,0,0,0,0,1044944,79092,2864425,0,0,0,95342,0,536029,80694,3977329,0,0,16356,0,0
2000,"Spices",47619,0,0,0,0,0,0,10212263,0,928680,0,5707274,58365,593090,0,11600,0,11691,71747,286991,3569,0,0,0,334567,451037,0,122402,974662,0,166787,519157,0,16202584,15702266,0,1291549,404138,318974,163050,0,0,449567,30806,0,1429236,5285974,0,303820,0,8585,0,0,0,51775,81007,66193,0,0,0,0,0,1064340,0,3721979,0,0,6533,53812,0,712707,163570,0,0,0,58720,0,0
2001,"Spices",0,195145,0,0,2538,0,0,8720646,0,1148166,932370,0,66033,324066,0,0,0,17332,183856,767641,6249,0,0,0,778357,554293,0,172290,1277340,0,57337,0,0,6959174,21173764,0,834524,206601,272593,142503,0,0,436432,0,0,447571,4892811,0,732022,0,10057,0,0,0,0,396428,0,0,0,0,0,0,416739,143569,2433197,0,0,3024,106244,0,854091,0,2575038,0,0,194744,0,0
2002,"Spices",15784,0,0,0,0,0,0,6071389,0,847846,1474533,7861947,397704,358730,0,19918,0,27522,565112,799183,10161,0,0,0,718426,644859,0,0,879159,0,549907,0,0,7332928,19475008,0,1517233,159052,572290,135588,0,0,337897,0,0,1215588,6578833,0,187753,0,151243,0,0,107335,0,997409,58597,76693,17256,0,0,0,587750,0,3375542,2123424,0,14860,199467,0,702212,63505,3567572,0,0,69694,0,1193063
2003,"Spices",7486,13560,0,0,0,0,0,7435650,0,1026001,882667,0,762550,574128,0,24847,0,58660,533449,591204,44743,0,0,0,5661604,1675600,0,260147,924042,0,509469,339325,0,9569997,16854476,0,2080883,436002,265263,137258,0,0,205973,0,0,1308228,4972594,0,211119,0,149085,0,0,163215,0,1152508,0,0,0,4002,0,0,708548,325879,4109957,0,0,7217,0,0,506509,53410,0,0,0,107822,0,0
2004,"Spices",0,55368,0,8246,66368,0,0,9060584,0,858594,1029683,13764506,1082231,742553,0,10365,0,97883,501308,442401,4668,0,0,0,973884,1151119,0,148501,714389,0,357590,0,0,9662791,11375900,4863,2396485,323715,275778,123986,0,8500,300508,4965,0,217691,4488949,0,370156,0,65372,0,0,0,0,2371580,56494,16165,0,0,0,0,531949,344489,3437114,0,0,28476,174072,0,757024,0,3441947,0,0,149947,0,0
2005,"Spices",0,30204,0,0,18142,0,0,9492780,0,1047687,0,12345763,1125764,1005388,0,59531,0,32347,562687,861019,146037,0,0,0,1118873,1277433,0,87882,565299,0,393889,88873,0,9861369,9134396,0,2168754,515326,208729,156124,0,0,372565,0,0,61486,5343627,0,109256,0,35995,121597,0,124072,0,5387333,70963,18273,3568,0,0,0,265613,253802,0,0,0,29219,193451,0,667061,0,0,0,0,164594,0,0
2006,"Spices",6511,19023,10780,0,6101,0,0,11129281,0,832926,560918,12245223,1701061,559666,0,221041,0,7756,253892,879869,6281,0,0,0,727004,1732121,0,0,693699,0,496861,39715,0,12669332,12572415,0,2591980,771806,347793,184628,0,0,219302,0,0,1088504,5665661,0,144843,0,163837,0,0,0,0,6680625,0,7466,3506,0,0,0,455194,308333,3052838,0,0,27388,42233,0,791603,0,0,0,0,54497,0,0
2007,"Spices",0,0,0,0,9359,0,12235,4693916,0,1222274,357597,14101025,1438824,446622,0,0,0,18530,396531,0,60889,0,0,0,697659,1124653,0,144477,425045,0,306569,70549,0,21026132,15750315,0,2804762,199774,140487,167504,0,0,627890,0,0,1002094,6692068,0,90280,0,32432,0,0,63570,0,6204408,12305,90415,0,3287,0,0,188478,172332,3765140,0,0,7521,226134,0,801421,74474,0,0,0,71187,0,0
2008,"Spices",26460,0,0,0,4772,7675,0,6983533,0,1567242,466872,16655012,1429196,619547,0,0,0,25448,545670,1048314,4639,0,0,0,301116,1107137,0,89053,1367893,0,438159,0,0,25835752,24704376,0,2151357,273174,178567,189775,0,20700,387302,0,0,516742,5200786,0,260836,0,170654,0,0,61546,0,8758222,0,221142,7214,2559,0,0,280123,622003,4933265,0,0,160486,74793,0,1039505,0,0,0,0,49604,0,6893745
2009,"Spices",0,0,0,0,17233,2714,0,7231331,0,1881551,290609,17979336,1746320,531662,0,16501,0,22265,209745,1107688,65416,0,0,0,486035,1515088,0,107673,1297316,0,214205,0,0,19051939,18725968,0,1558603,497689,141892,211230,15089,0,560461,0,0,82556,6347705,0,109155,0,271111,0,0,38518,0,7937879,43627,265932,7330,0,0,0,8714,416829,6046132,1774357,0,0,161123,0,885523,21614,3641888,0,0,69297,0,10616510
2010,"Spices",0,0,0,0,5151,0,0,7528740,0,1308339,0,21166727,1705040,741115,0,17815,0,31323,475937,1668911,31133,0,0,518325,169470,1868192,0,0,2007177,0,309525,0,0,20980628,34907855,0,1137501,271318,289594,245491,82987,0,759864,52156,0,87512,8108471,0,127159,12400,257717,107853,0,0,3742,9876601,55857,556146,0,11986,0,0,40230,515560,7190476,0,0,0,134861,0,1104584,102416,3562769,463251,0,137964,0,6340396
2011,"Spices",0,4455,0,0,7086,0,0,12304421,172873,744087,568073,28201607,1486482,517692,0,0,0,85106,291507,1299043,26424,0,0,507535,585101,2920729,0,0,2803851,0,755626,14399,0,30577930,34129999,0,1266186,506157,294185,345191,49424,0,539732,25520,0,806245,8629495,0,166272,0,267339,0,0,0,34982,11386306,60231,433033,0,12264,0,0,154752,0,7408002,3360320,0,0,237687,0,1013699,0,4454902,0,0,267289,0,10064446
2012,"Spices",27930,0,0,0,3067,0,0,12337520,165939,917167,49728,28592528,734673,583551,0,381906,0,296639,662015,1846898,13578,0,0,0,507938,2724098,0,0,1892126,0,612080,0,0,42092491,48078921,0,1270028,212305,607292,296536,69893,0,640395,75909,0,279289,10330398,0,473823,0,146210,0,0,84213,0,9728939,73653,468761,5927,2365,0,0,265713,447744,8254306,0,0,0,196332,0,690930,0,4606234,667476,0,37069,0,10045684
2013,"Spices",0,0,0,0,12026,0,0,28335073,230080,1060734,0,25170147,1531812,576886,0,267571,0,306858,401074,1843999,27800,0,0,669071,337055,2422011,0,0,1773991,11060,762785,134424,0,33061510,52448501,0,1967125,449478,407206,291182,65210,0,905717,158555,0,697140,10359876,0,88432,10921,106681,0,0,32608,0,10588977,77967,756154,74504,8224,0,0,228698,562907,6073478,0,0,0,206362,0,690910,94742,6629423,0,0,49773,0,11377747
2014,"Spices",32357,0,4337,0,7900,0,0,31058882,208572,1544905,0,0,1012079,1165570,0,0,0,72001,665608,1470872,55177,0,0,0,528319,1996251,0,104135,1960177,0,496079,187710,0,30927176,37612109,0,1217001,255494,684419,432266,44280,0,549152,217974,0,639869,11093481,0,392274,0,209491,0,0,0,0,11545576,44729,818475,69266,59632,0,0,1386714,0,7028496,0,0,0,147499,0,1145262,0,6406274,0,0,165745,0,20826512
2015,"Spices",5135,29522,0,0,12407,0,0,43278321,379863,1817726,0,27530769,1207591,926508,0,0,0,76668,1059466,1596477,64123,0,0,0,1462042,1727930,190689,40758,988783,0,246576,174352,0,37970072,50625044,0,1100116,240966,416387,455461,83824,0,555190,92477,0,270618,11742018,0,191196,0,295386,0,0,0,119531,13964745,149628,791313,220108,58479,0,0,239835,390948,7844964,0,0,0,255315,0,808940,0,5740097,0,37778,270656,0,27594311
2016,"Spices",0,2973,16594,0,7943,11407,0,25521491,177939,1321855,53312,29203306,730207,895387,0,0,0,58391,1077886,2126870,75139,0,0,0,468224,1603892,0,101016,1421372,0,41900,107949,85440,42048873,40914813,0,776822,247895,667070,510781,159701,0,721539,551226,0,705468,11637619,0,179364,0,221977,0,0,0,696492,9475597,72170,765680,22676,12914,0,0,22010,0,7763142,0,0,0,287767,0,801671,0,0,0,0,219003,0,24150188
1996,"Chocolate",0,0,0,0,3178054,0,0,1923037,0,42665858,0,19464,205391,32338,0,0,0,162264,225522,0,2590,0,0,0,1469418,3201022,0,0,0,0,0,0,0,4312,0,0,1395718,4742941,0,128776,0,0,0,0,0,0,3972714,0,475114,0,0,0,0,0,0,55649,5340,481866,0,0,0,0,0,0,116584,0,0,3285348,0,0,0,0,9255,0,0,9419124,12262,0
1997,"Chocolate",0,0,0,0,3659337,0,0,1110076,0,55017203,0,5307,300930,0,0,0,0,142207,202258,0,3324,0,0,0,2554346,2435399,0,0,0,0,0,0,0,2100,0,0,1727642,4570711,0,58919,0,0,0,0,0,90848,3791258,0,527848,0,0,0,0,0,0,83890,12615,598487,0,0,0,0,0,42593,336061,0,0,3277838,0,0,12352,0,0,0,0,14273520,128230,0
1998,"Chocolate",555984,0,0,0,5307156,0,0,1088195,0,42088429,0,44189,513226,0,0,0,0,111043,37010,0,0,0,0,0,2832144,5218716,0,50555,0,0,0,0,0,3057,0,0,1790878,3471971,0,49154,0,0,10893,0,0,0,4338115,0,1028112,0,0,0,0,0,0,148089,0,532775,0,0,0,0,0,0,237228,0,0,3996515,0,0,0,0,118565,0,0,12715350,44975,0
1999,"Chocolate",0,0,0,0,6223829,0,0,795316,0,55248513,0,25823,381578,0,0,0,72221,65950,5680,0,0,0,0,0,3443977,5959357,0,0,31363,0,0,0,0,4030,32588,0,1623693,947697,0,127666,0,0,32247,0,0,0,4541383,0,590861,0,0,0,0,0,0,257220,0,0,0,0,0,0,0,208094,259994,0,0,5234449,0,0,0,0,151926,0,0,12537380,169845,0
2000,"Chocolate",353285,0,0,0,6426890,0,0,816796,0,56549929,0,130709,366565,0,0,174350,0,78821,66382,11189,24007,0,0,0,4814916,7302641,0,44362,7220,0,0,152789,0,8625,21382,0,1233624,884602,2259,61654,0,0,0,124840,0,25481,5740955,0,1332287,0,0,0,0,0,0,169794,0,0,0,0,0,0,0,0,370517,0,0,2874156,70671,0,0,0,0,0,0,11321782,0,0
2001,"Chocolate",0,174692,0,0,7249636,0,0,1447773,0,71179432,2174854,0,849375,25205,0,103940,0,115641,72681,0,2206,0,0,0,2244284,9308886,0,57117,0,0,0,0,0,0,0,1414589,2646797,1502674,0,119530,0,0,7328,0,0,12476,6008000,0,1411673,0,0,0,0,0,0,80640,0,0,0,0,0,0,7497,56858,476580,0,0,3458788,17701,0,0,0,293322,0,0,6005473,0,0
2002,"Chocolate",1747397,0,0,0,6618777,0,0,1868718,0,86517147,1960683,342655,748586,14313,0,243311,0,124819,69993,26418,21190,0,0,58119,3323922,7108911,0,0,0,0,0,0,0,29278,7497,1729745,1604353,1719142,0,214096,0,0,50220,0,0,8871,6550846,0,1263002,0,0,0,0,0,0,0,15915,1246261,66056,236805,0,0,10499,0,255699,0,0,3645946,2918,0,0,0,296738,0,0,5710309,88066,0
2003,"Chocolate",2281218,110521,0,0,9247926,0,0,7359810,0,110354970,1232404,0,384932,3006,0,96872,0,143109,93456,0,10687,0,0,0,4943987,7493596,0,26127,85400,0,0,88704,0,40284,0,3024497,1508083,1845764,0,106897,0,0,81227,0,0,98293,9375978,0,1344089,0,0,0,0,2961,0,0,0,0,0,447295,0,0,0,154167,1829702,0,0,4032272,0,0,11702,0,0,0,0,7885262,0,0
2004,"Chocolate",0,361737,0,0,9690691,0,0,7423148,0,111866770,1270524,1864937,523524,5499,0,179596,344810,115529,113886,2781,6881,0,0,0,4504222,7605651,0,36005,44300,0,0,0,0,20418,0,2753807,1317986,2903926,0,287045,0,0,193994,10180,0,121024,11044552,0,2846815,0,0,0,0,0,0,5451,19868,1401510,0,0,0,0,76880,20871,991353,0,847019,5245719,8893,0,26082,0,1568390,0,0,3725468,0,0
2005,"Chocolate",0,654414,0,0,9763387,0,0,9556403,0,112704824,0,1331400,1004066,0,0,286677,0,127735,126660,7177,19852,0,0,0,3437481,8620332,0,88860,104146,0,0,68450,0,21572,0,0,1458721,3799700,0,160520,0,0,46984,0,0,179077,14021554,85780,2554607,0,0,0,0,0,0,16800,13831,2202640,7760,0,0,0,30799,800158,0,0,0,7240505,10472,0,16207,0,0,0,0,5576988,395383,0
2006,"Chocolate",2468870,71784,1239161,0,12098595,0,0,6709824,0,102525722,4916898,2548592,779530,0,0,255078,0,110539,116726,40090,12313,0,0,0,4840629,10697757,0,0,0,0,0,49136,0,72977,0,3714444,2217625,3393434,0,501110,0,0,150175,0,28226,73566,16030943,0,1713424,0,0,0,0,0,0,59352,0,2720006,30554,0,0,0,2023,6668,715834,0,0,6676532,110911,0,74438,0,0,0,0,5303925,110989,0
2007,"Chocolate",0,0,0,0,16156120,0,0,4589734,0,108893405,1654397,3096805,1041529,16752,0,0,0,230018,95898,0,21832,0,0,0,5767883,14445491,0,60174,0,0,0,50192,0,40883,0,0,1391059,4146595,0,581909,0,0,152633,0,55309,72739,18119995,0,950545,0,0,0,0,0,0,5808,24564,2268429,20161,609120,0,0,261067,2517,550689,0,0,7644678,88932,0,0,0,0,0,280244,2206840,492258,0
2008,"Chocolate",176913,0,0,0,13607093,0,0,2812729,0,109670749,1568701,5141203,793764,180370,0,0,0,143423,587280,0,70001,0,0,0,4790386,10388658,0,181355,0,0,0,0,0,71100,6418,0,2271102,6215804,0,489286,0,0,182156,0,0,204154,30640654,0,1380135,0,0,0,0,51858,0,38500,0,2174789,9615,623546,0,0,138723,29010,474204,0,0,8267411,108572,0,0,0,0,0,0,5253155,5616,0
2009,"Chocolate",0,0,1854204,0,8344652,0,0,2194791,0,103108252,544475,4344523,1009568,150235,0,370840,0,188881,158068,9135,37038,0,0,0,4258688,10965438,0,94237,32500,0,0,0,0,95025,0,0,1909875,3593086,0,286549,6350,0,184973,0,26794,269803,50875806,0,750145,0,0,0,58683,0,0,16757,13042,2110926,3292,477307,0,45173,246988,17875,302336,0,0,7792928,0,0,12581,0,351146,0,0,3149178,0,12120
2010,"Chocolate",0,163644,2527093,0,14868593,0,0,1125168,0,123290373,0,1100973,1113312,87718,0,516972,0,321973,152040,0,40860,0,0,9433,4221002,15930027,0,0,132729,0,0,0,0,141740,2343,0,2524231,3731615,0,535307,0,0,79228,296076,0,455185,59070262,0,1398132,0,0,0,0,0,0,89547,35805,1567398,0,665402,0,0,122570,49986,127996,0,1972404,6995327,11344,0,11352,0,843942,0,0,4435650,0,39491
2011,"Chocolate",0,116019,2001368,0,19370441,13496,0,806118,8441,147313657,133550,605851,1042091,22901,0,0,0,257999,218983,0,42169,0,0,21735,4607461,20697064,0,0,148290,0,0,28167,0,35530,30153,0,3612053,5555751,2522,551532,0,0,82681,143476,0,1013396,74388494,0,1160266,0,0,0,0,0,0,409541,42066,1854663,7260,646277,0,0,320830,0,613510,98000,1868856,7453312,10305,0,6135,0,319422,0,0,3799046,163131,75375
2012,"Chocolate",154665,70086,0,0,21887499,0,0,1220990,22012,151134534,321266,2074343,1032475,36042,0,345722,48410,245978,91089,0,80156,0,0,0,6810047,28201569,0,0,165423,0,0,0,0,170024,14474,0,3913287,6889332,5227,489748,0,0,47200,226967,0,1140771,71284918,0,1100618,0,0,0,92219,0,0,241812,174591,2765862,27834,594188,0,81475,353104,95331,1768301,0,2302086,7786547,10347,0,80962,0,512382,0,0,5486024,0,4595
2013,"Chocolate",0,98522,2141084,0,19187845,0,0,1529473,0,166564295,0,1969995,1236961,48363,0,398078,208418,712997,92819,0,94391,0,0,4579,5470297,25634525,0,0,170625,0,0,45302,0,43127,23933,0,3044826,8283912,0,536670,6533,0,22305,48728,0,531245,66167772,0,1298359,2667,3673,0,0,0,0,445327,1570218,4017691,0,659395,0,0,491122,31654,3035948,0,0,6640751,6463,0,4481,33942,722808,0,0,3994344,0,177331
2014,"Chocolate",67626,193204,2570697,0,22429815,0,0,1669062,52714,194372711,0,0,2394989,43179,0,0,6530,579658,200409,58114,50980,0,0,0,6375527,31626227,0,211357,225355,0,0,0,0,73036,31629,7100775,3003393,7402216,2237,592799,31041,0,71776,241080,0,456348,68164707,0,2460880,0,0,0,26386,0,0,585650,1316017,5187914,42552,1057672,10448,168690,341639,0,2241851,0,2859446,7937128,16400,0,2642,0,1821519,0,0,4598512,0,168234
2015,"Chocolate",117687,528670,1868092,0,18943718,0,0,353351,298455,190338599,0,2099952,1279214,43318,0,0,65182,693254,422897,19264,9630,0,0,0,6188351,22236060,35715,61050,56711,0,0,24894,0,86337,17046,0,3862680,7371452,8068,1126889,0,0,73213,273482,0,775124,71582685,0,1656988,5053,0,0,0,0,0,730230,1071439,3980050,26065,892177,0,0,494322,11987,1571572,0,1554805,7553475,6161,0,58182,0,1534311,0,717980,6564491,0,72940
2016,"Chocolate",0,67976,1718366,0,17828482,0,0,1220787,752012,225737156,11325,2044731,2976457,102806,0,0,162136,781288,504191,0,78347,0,0,0,6245144,15943978,0,136222,57944,0,0,18722,163057,116424,27689,0,4702375,6833050,0,1160679,142710,0,4718,86640,0,131024,77533401,0,1457897,0,0,0,0,0,0,1155420,1280929,7646073,42698,633330,0,0,283717,0,1230315,0,1447079,8044539,13391,0,130057,0,0,0,0,6329099,0,351762
1996,"Cocoa",0,0,0,0,623084,0,0,20693006,0,701603,0,8683965,5364,1139599,0,0,0,3764439,18636872,0,5306,0,0,0,213969,729488,0,0,0,0,209579,0,0,0,45763260,0,0,56221,0,0,0,0,0,0,0,6360899,4033490,0,12747950,0,0,0,0,185888,0,0,455032,0,0,0,0,0,2748826,0,307110,0,0,330171,0,0,309382,62109,0,0,0,840959,467695,0
1997,"Cocoa",0,0,0,0,240518,0,0,9595705,0,819167,0,10226763,2180269,1360232,0,0,0,6597999,9666309,0,6885,0,0,0,141296,375550,0,0,0,0,605235,0,0,440325,55288932,0,0,38505,163459,0,0,0,0,0,0,13321016,5542934,0,11943546,0,0,0,0,170662,0,415887,413667,0,0,0,0,0,2130868,0,417553,0,0,249786,0,0,86528,343051,0,0,0,1538609,396601,0
1998,"Cocoa",0,0,0,0,425179,0,0,11729080,0,1713564,0,10878943,1252641,648736,0,0,0,4489907,3599385,0,0,0,0,0,2759124,617579,0,0,0,451399,312880,0,0,0,32354768,0,0,47472,84817,0,0,0,0,0,0,12203611,4042810,0,10991743,0,0,0,0,224284,4751664,1452809,0,0,0,0,0,0,5995434,0,377322,0,0,130860,0,0,486607,0,0,0,0,829575,203000,0
1999,"Cocoa",0,0,0,0,1249497,0,0,3374497,0,1661237,0,5588887,1096149,45660,0,0,0,2463472,8238504,0,0,0,0,0,1252528,228438,0,0,0,0,466509,0,0,246854,52033357,0,0,74618,55014,0,0,0,0,0,0,0,147257,0,18093562,0,0,0,0,45660,0,1657657,0,0,0,0,0,0,5064270,399149,746279,0,0,309133,0,0,940507,55890,21922,0,0,1022961,17570,0
2000,"Cocoa",0,0,0,0,353931,0,0,4931041,0,1581871,0,3197905,0,180447,0,0,0,1151283,7842266,0,0,0,0,0,2084209,408398,0,0,0,0,288010,0,0,0,30911214,0,0,84823,0,0,0,0,0,0,0,6351836,266520,0,12094563,0,0,0,0,331374,1427090,1141236,275171,0,0,0,0,0,2316120,0,230239,0,0,357379,0,0,859442,0,0,0,0,1432131,94300,0
2001,"Cocoa",0,0,0,0,10549,0,0,6155167,0,1704234,0,0,1053251,88945,0,0,0,1522713,5029018,0,0,0,0,0,635780,77457,0,0,0,0,487503,0,0,4605,37453992,0,0,73243,22293,0,0,0,0,0,0,4857022,642581,0,15980987,0,0,0,0,131128,0,509317,0,0,0,0,0,0,1485399,0,184322,0,0,168996,0,0,556415,0,2195,0,0,3913397,0,0
2002,"Cocoa",0,0,0,0,122920,0,0,8256496,0,1905651,0,3742287,208733,58381,0,5558,0,3990945,5495680,0,0,0,0,0,1537744,220577,0,0,0,875731,334435,0,0,10800,22967847,106650,0,137782,0,0,0,0,0,0,0,6382220,1419277,0,14542905,0,0,0,0,0,0,297735,150279,0,0,0,0,0,2704618,0,1178470,0,0,457759,0,0,324035,0,0,0,0,3473994,88778,0
2003,"Cocoa",0,0,0,0,188891,0,0,11534037,0,2461420,0,0,1067216,105175,0,52083,0,5251593,13775745,0,2792,0,0,0,2443309,1313103,0,0,0,0,323335,0,0,0,34678114,0,0,368779,0,0,0,0,0,0,0,16238620,1552182,0,24641325,0,0,0,0,61325,0,283582,0,0,0,0,0,0,10882936,0,976797,0,0,438665,0,0,1811305,0,0,0,0,3243130,0,0
2004,"Cocoa",0,0,0,0,59450,0,0,15410882,0,1706364,0,3883078,956302,525884,0,14703,0,4372292,12984329,0,2356,0,0,0,3710587,818899,0,0,0,447490,473736,0,0,103789,24887269,0,13641,292585,0,0,0,0,0,0,0,21971920,1962828,0,21413795,0,0,0,0,0,0,354571,404964,0,0,0,0,0,2401506,56967,2003341,0,0,401728,0,0,474152,0,0,0,0,1651015,0,0
2005,"Cocoa",0,0,0,0,96636,0,0,17580198,0,1824211,0,4561412,1586198,527094,0,3511,0,3280817,8800668,0,0,0,0,0,2240370,1506503,0,0,0,0,757827,0,0,84480,57738961,0,0,272837,32488,0,0,0,0,0,0,17364028,1068022,0,21608106,0,0,1580076,0,122289,0,703887,321536,11287,0,0,0,0,3156468,0,0,0,0,696428,0,0,991893,0,0,0,0,893893,209109,0
2006,"Cocoa",0,0,4800,0,69746,0,0,16077850,0,2341975,0,8517646,5325,168458,0,0,0,4855230,7623801,0,7944,0,0,0,2366682,750451,0,0,0,0,634305,0,0,0,24138668,0,0,232746,0,0,0,0,0,0,0,21140161,745951,0,21893224,0,9315,0,0,0,0,523637,0,0,0,0,0,0,8218867,0,1834737,0,0,475636,0,0,172530,0,0,0,0,1744242,59100,0
2007,"Cocoa",0,0,0,0,102514,5996,7038,14113699,0,2474846,0,4590747,551912,13860,150995131,0,0,3546199,6812734,0,0,0,0,0,2495420,592941,0,0,2546,0,202115,0,0,0,50375020,0,0,18151,0,0,0,0,0,0,53352,22560081,1124908,0,17717436,0,0,0,0,0,0,586341,335633,0,2940,6809,0,0,11075209,0,2107601,0,0,563167,0,0,1251365,0,0,0,0,1928648,98129,0
2008,"Cocoa",0,0,0,0,276406,0,0,15838548,0,2534771,0,7060452,2853752,97008,0,0,0,7600158,25517058,0,0,0,0,0,2094049,1833715,0,0,0,1609179,235480,0,0,142500,69203191,0,10943,309092,0,154023,0,0,0,0,0,28701946,46113,0,21879773,0,0,0,0,1054140,0,1550703,0,0,2151,0,0,0,10600724,0,2287606,0,0,850192,0,0,22525,0,0,0,0,3276243,453900,0
2009,"Cocoa",0,0,2350,0,193600,0,0,8405005,0,2112189,0,1543599,1206025,0,0,19109,0,12477794,41821302,0,0,0,0,0,3042379,2036394,0,0,0,2854595,0,0,0,1478956,65331690,0,9205,182276,0,0,0,0,0,0,3075,39825540,1877584,0,21412463,0,0,0,0,79182,0,2946387,367457,4815,3510,0,0,31043,10370113,0,2480068,0,0,943920,0,0,0,303100,0,0,0,4987859,585301,40556
2010,"Cocoa",0,0,0,0,1110048,0,0,7697888,0,3606829,0,537671,1149071,0,0,17108,0,8414319,37412939,0,0,0,0,0,5287889,11517608,0,0,0,1260459,87641,0,0,1451963,147402584,0,126900,603448,0,0,0,0,0,0,0,51389734,1940248,0,38108957,0,0,1133584,0,0,7608431,2503223,135745,0,0,2388,0,0,3884480,0,4427253,0,0,17290,0,0,0,0,0,1278167,0,1702742,0,55653
2011,"Cocoa",0,0,0,0,446927,84345,0,12613112,0,4248289,0,857620,51370,92816,0,0,0,11093361,54027692,0,0,0,0,0,7039825,6693929,0,0,5384,948147,0,0,0,677074,33246330,0,17426,674128,0,0,6036,0,4644,0,0,40932471,1506055,0,43033002,0,170235,0,0,0,3046543,2461435,201596,7698,0,0,0,0,4777918,0,7591118,47813,0,33613,0,0,0,0,0,0,0,0,47791,0
2012,"Cocoa",0,0,0,0,527805,0,0,11467225,0,5974830,0,601839,188092,298716,0,4986,0,8099913,35020194,0,15200,0,0,0,5615616,11847854,0,0,0,2083454,0,0,0,729251,43661366,0,0,1795251,0,0,0,0,0,0,0,35498208,4544044,0,40386838,0,5375,0,0,0,0,1838437,373588,0,2447,0,0,21899,5128033,0,9894620,0,0,13029,0,0,0,0,0,0,0,3785,0,0
2013,"Cocoa",0,0,0,0,496236,87796,0,5919761,0,4398040,0,1540267,830088,69170,0,0,0,5766103,54671296,0,0,0,0,0,4361511,6085511,0,0,0,292719,0,0,0,2800841,40115827,0,42679,459002,3977,0,0,0,0,0,0,36576887,3050145,0,28122925,0,11323,0,0,0,3767371,3534962,400547,0,2440,0,0,0,5186220,0,6101331,0,0,35345,0,83376,0,0,0,0,0,28756,1296514,0
2014,"Cocoa",0,0,0,0,634738,0,0,16538516,0,3470005,0,0,1196513,0,0,0,0,7454621,52634479,0,3965,0,0,0,3136716,2122175,0,0,0,805847,0,0,0,5331657,27529522,0,6357,780228,0,0,0,0,0,0,0,22565980,3104294,0,20377172,0,75511,0,0,76602,5163491,4882838,137992,0,11534,10347,0,2673,3181471,0,4328511,0,0,32977,0,154573,5351,0,0,0,0,11473,0,0
2015,"Cocoa",0,0,0,0,662986,0,0,20558433,0,5838854,0,0,763115,0,0,0,0,5228072,67814094,0,8446,0,0,0,2814503,4308743,26003755,0,45154,1013861,0,0,0,6347706,39264489,0,89103,682784,0,0,0,0,0,0,0,21678257,1125543,0,25332281,0,31379,0,0,75652,3344133,6709273,130465,2640,0,0,0,0,3445504,0,2947439,0,0,55265,0,95227,0,0,2237,0,0,23702,0,0
2016,"Cocoa",0,0,0,0,194886,158400,0,9934041,0,4841135,0,1448140,642540,3207,0,0,0,4140924,41705178,0,0,0,0,0,4021135,6370986,0,0,0,0,56216,0,0,5958860,45998580,0,84736,731229,0,31073,3210,0,0,0,0,26750439,3660088,0,31617525,0,35440,0,0,0,2130817,5460372,342604,3435,0,0,0,0,3122936,0,4853653,0,0,54426,0,127095,0,0,0,0,0,26512,0,6424
